filename,label,n_seconds,attention_mean,social_mean,language_mean,valuation_mean,auditory_mean,motion_mean,narrative_mean,attention_hook,social_hook,language_hook,valuation_hook,auditory_hook,motion_hook,narrative_hook,attention_offset,social_offset,language_offset,valuation_offset,auditory_offset,motion_offset,narrative_offset,attention_peak_s,social_peak_s,language_peak_s,valuation_peak_s,auditory_peak_s,motion_peak_s,narrative_peak_s,attention_ts_ratio,social_ts_ratio,language_ts_ratio,valuation_ts_ratio,auditory_ts_ratio,motion_ts_ratio,narrative_ts_ratio,composite_raw,gfp_mean,gfp_hook,gfp_offset,vmPFC_TPJ_coupling,pleasantness_index
ali_001.mp4,ali_001,63,0.037044,0.068501,0.042068,0.066064,0.066212,0.025891,0.072017,0.03392,0.059229,0.025856,0.048132,0.049726,-0.041555,0.056182,0.061699,0.029784,-0.018222,0.020675,0.072586,-0.059013,0.006747,26,26,33,26,26,32,26,0.7449,0.8554,0.8128,0.74,0.6598,-1.0853,0.8345,0.054862,0.195684,0.212829,0.148359,0.9818,0.007666
ali_002.mp4,ali_002,35,0.013772,0.032008,0.027327,0.036836,0.042886,0.016482,0.037018,-0.006062,0.020683,0.058299,0.032967,0.016803,0.00496,0.039346,0.099057,0.110476,0.099373,0.109366,0.110086,0.045832,0.118105,34,33,33,33,34,33,33,-0.58,0.3979,1.766,0.6506,0.2694,0.1412,0.7741,0.027891,0.119212,0.127809,0.16346,0.9899,-0.003491
ali_003.mp4,ali_003,25,0.047076,0.070298,0.062853,0.069648,0.055992,0.038684,0.080357,0.006952,0.034623,0.010383,0.023727,0.014114,-0.008482,0.034641,0.124534,0.145304,0.130722,0.140026,0.129983,0.070387,0.153764,24,24,24,24,24,21,24,0.0512,0.3755,0.1488,0.261,0.1477,-0.1621,0.3506,0.061783,0.167495,0.137605,0.196683,0.992,0.010844
ali_004.mp4,ali_004,72,0.038004,0.040935,0.007955,0.040517,0.05835,0.004706,0.036432,0.006449,0.036729,-0.020235,0.019978,0.045285,-0.070609,0.020324,0.161415,0.102916,0.02203,0.095895,0.121605,0.037351,0.074247,71,71,71,71,71,46,71,-0.2299,0.5544,-2.301,0.2086,0.5208,-5.9832,0.2441,0.034865,0.151355,0.208857,0.220816,0.9916,0.011096
ali_005.mp4,ali_005,37,0.041889,0.085105,0.05915,0.081476,0.089044,0.020705,0.088951,-0.008686,0.009728,-0.034409,-0.00375,0.012967,-0.081367,0.00071,0.165876,0.156486,0.129694,0.152061,0.160098,0.071588,0.15536,36,36,36,36,36,33,36,-0.3408,0.0276,-0.5014,-0.0945,0.0512,-1.9615,-0.0417,0.068024,0.207764,0.182407,0.200561,0.9979,0.010508
ali_006.mp4,ali_006,221,0.019003,0.019396,0.003593,0.015049,0.026827,-0.006829,0.012673,0.030727,0.038858,-0.037175,0.014518,0.055148,-0.109148,0.011665,0.10754,0.07404,0.0306,0.056979,0.094461,-0.020279,0.049201,101,35,35,36,101,35,36,1.4946,2.2422,-6.5189,1.2911,2.0472,-23.3649,1.3938,0.015508,0.114193,0.210123,0.142903,0.9847,-0.001396
ali_007.mp4,ali_007,49,0.0303,0.046326,0.014025,0.043046,0.063363,0.012231,0.044375,-0.03761,0.001866,-0.042267,-0.014277,0.000808,-0.085791,-0.010908,0.164548,0.143822,0.097368,0.137252,0.164601,0.052034,0.130332,48,48,22,48,48,21,22,-1.2064,-0.1034,-1.9897,-0.3913,-0.1497,-3.3103,-0.2876,0.036608,0.176072,0.195403,0.198106,0.9957,0.019073
ali_008.mp4,ali_008,87,0.03785,0.040995,0.014093,0.039384,0.054361,0.005372,0.037524,0.029279,0.036883,-0.036745,0.014454,0.051498,-0.076243,0.013869,0.129086,0.109341,0.090185,0.104434,0.110592,0.022483,0.103359,86,86,79,86,86,44,79,0.3406,0.5694,-2.3626,0.0885,0.6676,-6.424,0.0864,0.035381,0.140269,0.156808,0.160293,0.9926,0.009275
huberman_001.mp4,huberman_001,43,0.000811,0.020645,-0.016419,0.016886,0.048165,-0.004422,0.011693,0.022864,0.036676,-0.016859,0.018153,0.053646,-0.052676,0.017753,0.147171,0.140958,0.113879,0.133543,0.172489,0.041522,0.132195,42,42,42,42,42,35,42,2.5007,1.0308,-2.4386,0.3278,0.7853,-9.7643,0.4017,0.00982,0.181978,0.175206,0.191874,0.997,0.028419
huberman_002.mp4,huberman_002,45,0.04478,0.05374,0.001717,0.052319,0.07506,0.027929,0.043916,0.01775,0.014187,-0.076091,-0.009456,0.048175,-0.11365,-0.017366,0.104049,0.135531,0.131785,0.136624,0.149944,0.084601,0.139176,44,44,44,44,44,41,44,0.2101,0.0849,-4.7467,-0.2497,0.4726,-2.2624,-0.4498,0.043508,0.207561,0.216969,0.202824,0.9909,0.017354
huberman_003.mp4,huberman_003,51,0.016631,0.033982,-0.012817,0.028978,0.065829,-0.00657,0.020125,-0.019896,0.00711,-0.067527,-0.015501,0.02812,-0.081252,-0.01697,0.094385,0.080894,0.038919,0.072593,0.124253,0.007909,0.061494,50,50,50,50,50,39,50,-1.4333,-0.2175,-28.9139,-0.7661,0.1651,-20.9347,-1.0769,0.021722,0.189309,0.215623,0.159935,0.9944,0.023651
huberman_004.mp4,huberman_004,50,0.021463,0.027175,-0.017334,0.023267,0.058388,-0.012887,0.014777,-0.026038,0.004498,-0.052799,-0.013655,0.018151,-0.07721,-0.015123,0.068317,0.03742,-0.020401,0.028212,0.095765,-0.037213,0.011721,49,49,49,49,49,31,49,-1.2229,-0.2573,-7.6085,-0.7685,0.0993,-44.7295,-1.1451,0.0184,0.168776,0.192534,0.16873,0.9945,0.015961
huberman_005.mp4,huberman_005,59,0.052323,0.058948,0.003279,0.051718,0.093554,-0.003313,0.042344,-0.026191,0.008125,-0.063174,-0.012947,0.022874,-0.083067,-0.017377,0.201687,0.198274,0.140779,0.181021,0.221866,0.05474,0.178859,58,58,58,58,58,55,58,-0.4773,0.1186,-5.7931,-0.2154,0.2258,-14.3089,-0.3359,0.047026,0.181427,0.20154,0.25659,0.9947,0.002722
huberman_006.mp4,huberman_006,28,-0.0414,-0.019924,-0.068627,-0.030626,0.014663,-0.059022,-0.037082,-0.048544,-0.038853,-0.090539,-0.057403,-0.005942,-0.120223,-0.063616,0.068774,0.075497,0.024368,0.067455,0.120798,0.009777,0.05952,27,27,27,27,27,24,27,-1.4462,-2.6836,-1.4429,-2.5168,-0.2904,-2.7395,-2.1243,-0.034526,0.185218,0.186902,0.180634,0.9957,0.01109
huberman_007.mp4,huberman_007,37,-0.009082,0.013778,-0.023594,0.007503,0.049677,-0.039528,0.004968,-0.043569,-0.034939,-0.085611,-0.048646,-0.004672,-0.11888,-0.054684,0.109331,0.094241,0.056875,0.087308,0.137827,-0.007733,0.08146,36,36,36,36,36,31,36,-23.4514,-1.6297,-9.8174,-2.6655,-0.2016,-5.0245,-3.247,0.001222,0.171349,0.186013,0.164148,0.9975,0.014328
huberman_008.mp4,huberman_008,50,0.001931,0.012181,-0.018695,0.011114,0.040614,-0.011544,0.004611,-0.032036,-0.001119,-0.029929,-0.009734,0.000447,-0.033024,-0.010734,0.123351,0.094476,0.030886,0.078531,0.145084,-0.033369,0.066853,49,49,49,49,49,13,49,-4.9401,-0.5131,-2.2314,-1.0337,-0.1682,-3.4661,-2.1277,0.005332,0.151826,0.149184,0.18612,0.9896,0.024125
sahil_001.mp4,sahil_001,35,0.034258,0.055566,0.040231,0.052221,0.053811,0.000289,0.05813,0.021096,0.0593,0.041943,0.04347,0.02913,-0.027096,0.058006,0.052048,0.042939,0.007183,0.036342,0.077521,-0.03973,0.030666,34,17,17,16,34,16,16,0.4237,1.0524,1.2664,0.8308,0.3808,-5.2319,1.0499,0.045575,0.164189,0.194617,0.124921,0.9897,0.00184
sahil_002.mp4,sahil_002,22,0.034901,0.045285,-0.032912,0.02092,0.073294,-0.058435,0.017331,0.01225,0.012388,-0.09894,-0.029393,0.046733,-0.137349,-0.037001,0.21323,0.156426,0.056805,0.118197,0.214426,-0.077843,0.115675,18,17,16,17,17,15,16,0.0297,0.0987,-13.9717,-0.7823,0.4025,-3.7003,-1.0041,0.023816,0.243244,0.226963,0.307321,0.9912,-0.040218
sahil_003.mp4,sahil_003,38,0.004983,0.022334,-0.012594,0.015989,0.049176,-0.02382,0.012319,-0.053301,-0.040301,-0.106006,-0.056308,-0.023836,-0.07389,-0.065514,0.031311,0.024456,-0.013895,0.014577,0.053674,-0.027538,0.008484,37,13,11,21,37,13,11,-3.1742,-1.2109,-66.6582,-1.9132,-0.4024,-4.5586,-2.4824,0.011245,0.158861,0.171735,0.108752,0.9945,0.010275
sahil_004.mp4,sahil_004,23,0.083713,0.082657,0.010234,0.061138,0.115386,-0.026215,0.057019,-0.026414,-0.013203,-0.071705,-0.028472,0.020462,-0.081272,-0.035067,0.186054,0.095701,-0.030403,0.053919,0.179682,-0.120853,0.040097,17,16,16,16,17,16,16,-0.2593,-0.1374,-1.9656,-0.3396,0.1069,-5.841,-0.4279,0.065611,0.240594,0.188469,0.352063,0.9855,-0.040503
sahil_005.mp4,sahil_005,41,-0.001655,0.010245,-0.008653,0.003507,0.023908,-0.042849,0.005523,-0.017429,0.003146,-0.015602,-0.008144,-0.0032,-0.059115,-0.005123,0.002626,-0.009373,-0.062389,-0.014458,0.036149,-0.043915,-0.026742,40,17,16,17,40,19,17,-30.9984,0.01,-1.7423,-2.1436,-0.2,-1.5979,-1.106,0.002084,0.12118,0.137676,0.119531,0.9952,-0.005523
sahil_006.mp4,sahil_006,37,0.03443,0.055403,0.014089,0.047795,0.077133,-0.006557,0.045903,-0.054896,-0.042613,-0.102661,-0.057286,-0.013239,-0.111009,-0.06454,0.143736,0.136647,0.094858,0.128168,0.167129,0.009284,0.123285,36,36,36,36,36,19,36,-1.1733,-0.6398,-2.8526,-0.8972,-0.1977,-9.2131,-1.0138,0.041479,0.182479,0.180478,0.200835,0.9979,-0.007638
sahil_007.mp4,sahil_007,18,-0.062311,-0.026415,-0.092807,-0.044544,-0.007075,-0.074706,-0.047284,0.02343,0.016541,-0.103491,-0.031184,0.048861,-0.14892,-0.037823,-0.07165,-0.020269,-0.061886,-0.024214,0.007006,-0.021456,-0.026592,0,0,17,17,0,15,17,0.1526,0.3067,-1.1604,-0.7036,2.0288,-2.8525,-0.7925,-0.049873,0.214995,0.23741,0.197757,0.8065,-0.01696
sahil_008.mp4,sahil_008,34,0.016551,0.027313,0.011415,0.024794,0.038405,-0.017825,0.026156,0.000697,0.033787,0.001396,0.018611,0.023525,-0.011139,0.023137,0.080427,0.056722,0.00627,0.046774,0.093287,-0.031975,0.037748,33,33,6,33,33,12,33,-0.0923,1.305,0.9377,0.7973,0.5317,-0.6065,1.0366,0.020911,0.146966,0.147927,0.162413,0.9841,0.01374
